split,presence_accuracy,type_accuracy_present,continuous_mae_mean,center_mae,axis_mae,rotation_mae,depth_mae,param_mask_iou,param_mask_dice
val,1.0,0.6166666666666667,0.021234214305877686,0.001919508446007967,0.0006275430787354708,7.278932094573975,0.0002760201459750533,0.3257646139342065,0.46609253490976527
