model,source,selected,split,sample_count,total_normalized_mae,L_mae_mm,W_mae_mm,D_mae_mm,burial_depth_mae_mm,center_xyz_mae_mm,shape_accuracy,shape_macro_f1,burial_delta_vs_21_4_neural_mm,burial_delta_vs_feature_baseline_mm
B0_reference_neural,21.4_neural_reference,False,test,40,0.40636563301086426,0.7610000967979431,0.9470643997192383,0.09293656051158905,0.5954996347427368,1.3799970149993896,1.0,1.0,0.0,0.12398189306259155
svr_rbf_C10,21.4_feature_baseline,False,test,40,0.416405588388443,0.7570649981498718,1.1507278680801392,0.10785912722349167,0.47151774168014526,1.5601974725723267,0.95,0.9505494505494506,-0.12398189306259155,0.0
B2_feature_fusion_burial_head,21.7_B2_formal_rerun,True,test,40,0.3952564597129822,0.8486037850379944,0.9846186637878418,0.08997005224227905,0.4132470190525055,1.4663500785827637,0.975,0.9753086419753086,-0.18225261569023132,-0.05827072262763977
