seed,selected_seed,best_epoch,best_val_selection_metric,min_train_epoch,min_train_normalized_param_mae,train_normalized_param_mae,val_normalized_param_mae,test_normalized_param_mae,train_dimension_mae_norm,val_dimension_mae_norm,test_dimension_mae_norm,train_curvature_mae_norm,val_curvature_mae_norm,test_curvature_mae_norm,test_L_mae_mm,test_W_mae_mm,test_D_mae_mm,test_wLD_abs_error,test_wWD_abs_error,test_wLW_abs_error,test_wMAE_auxiliary,test_projected_mask_iou,test_projected_mask_dice,test_profile_depth_rmse_m,test_er_like_profile_error,test_max_depth_error_m,test_volume_proxy_rel_error,can_fit_train,beats_mean_baseline_test,beats_feature_baseline_test
42,True,6,0.9807505548000336,291,0.014194194227457047,0.6461113923125796,0.7486944236816504,0.6780143536818333,0.4468101876799339,0.5487817963346456,0.4387845003213256,0.8454125907134127,0.9486070420497503,0.9172442085467852,1.8918915996566796,2.1857599088778863,0.8002313476246901,0.2094394748027508,0.20446911683449379,0.18931882809369993,0.20107580616306037,0.7506502455785019,0.8477271366767738,0.0003877372636895579,0.3405436946031375,0.0008002313403173899,0.5764562522168966,True,True,True
123,False,21,1.0042309492826462,207,0.010562011040747166,0.47895428345159247,0.7598595250493441,0.6809617353555484,0.3486606432699863,0.5759758639794129,0.43101605171194446,0.6092479211899141,0.9437431982503488,0.9309074317033474,1.9825478050953302,1.9123886859951875,0.8352357307210182,0.21902798383663863,0.20786029864580202,0.18615780274073282,0.2043486954166721,0.7788684413814979,0.8695397963015361,0.00039986319051165943,0.3855720157615649,0.0008352357291210538,0.5540734774371319,True,True,True
2026,False,7,0.9872394531965256,154,0.025532403960824013,0.680805790203589,0.7517268099845984,0.7248896291622748,0.49815168217928324,0.5677815708212364,0.516694813202589,0.8634598906393405,0.935672063093919,0.9330844588768787,1.831685110162466,2.234178067017824,1.1551862672353401,0.215315580368042,0.20952000067784235,0.18923202080604357,0.20468920182723266,0.7477188866707957,0.8478673539237513,0.0005469010286152554,0.58318674717194,0.0011551862684054635,0.8915296792343897,True,True,False
