objective,threshold,n,iou,dice,area_error,center_error,pred_area_zero,bz_mse,composite,active_component_count,collapsed_component_count
proposal_only,0.8,129,0.36498817752457474,0.5069450064343745,0.4475565293347788,1.2026469058595424,0,0.11798423829365724,0.42437665462417046,4.0,0.031007751937984496
proposal_forward,0.8,129,0.3435827126819769,0.48084176945634616,0.27552730094574623,1.2022534595556962,0,0.02084975513131466,0.5488971811925769,4.0,0.031007751937984496
