objective,threshold,n,iou,dice,area_error,center_error,pred_area_zero,bz_mse,composite
proposal_only,0.8,129,0.35851182899579587,0.4999352859779364,0.36344223076287757,1.2013287401592085,0,0.11296609406857643,0.4950048842108547
proposal_forward,0.8,129,0.33136754192516016,0.4652111883808626,0.2657928575931166,1.2014477443556453,0,0.020272809568099504,0.5307858727129062
