seed,method,checkpoint,mse,mae,iou,dice,area_error,center_error,small_polygon_iou_zero_count,small_polygon_pred_area_zero_count,pred_area_gt_true_count
42,baseline_mu_threshold,checkpoints/best_model_v4_calibrated_mu_seed42_w5_dice003_area004.pt,30662.02210449219,58.74955801486969,0.3542320162127176,0.49609879524277034,0.640109928210143,1.1367356475070118,10,0,182
42,aux_mu_threshold,checkpoints/best_model_v4_calibrated_mu_aux_mask_seed42_w5_dice003_area004.pt,31626.507795410158,57.78667444229126,0.35151219184729743,0.4944121396673036,0.7466390411730063,1.1665294838231057,8,0,180
42,aux_mask_head,checkpoints/best_model_v4_calibrated_mu_aux_mask_seed42_w5_dice003_area004.pt,31626.507795410158,57.78667444229126,0.3417399950985495,0.4797073118043322,0.45430218133509775,1.2054027242951058,10,1,136
123,baseline_mu_threshold,checkpoints/best_model_v4_calibrated_mu_standard_decoder_seed123_w5_dice003_area004.pt,32375.061654052734,64.6004297876358,0.34710088687740964,0.4905989864825354,0.9263394544658613,1.1191488958819567,12,3,182
123,aux_mu_threshold,checkpoints/best_model_v4_calibrated_mu_aux_mask_seed123_w5_dice003_area004.pt,30686.17723388672,60.53920785188675,0.35121056491374164,0.49048941548489433,0.6739897280619871,1.1260168701698332,11,5,174
123,aux_mask_head,checkpoints/best_model_v4_calibrated_mu_aux_mask_seed123_w5_dice003_area004.pt,30686.17723388672,60.53920785188675,0.34522758987395313,0.4805340224418646,0.3991594114962595,1.1598739568049532,12,3,123
2026,baseline_mu_threshold,checkpoints/best_model_v4_calibrated_mu_standard_decoder_seed2026_w5_dice003_area004.pt,32301.519089355468,68.86584547042847,0.3448838210415305,0.48763228521068425,0.9235169847442006,1.1334451792724243,11,1,183
2026,aux_mu_threshold,checkpoints/best_model_v4_calibrated_mu_aux_mask_seed2026_w5_dice003_area004.pt,30374.58059814453,62.01880878448486,0.35740909538799853,0.4980923657725793,0.7387501936767512,1.102197325259597,10,1,181
2026,aux_mask_head,checkpoints/best_model_v4_calibrated_mu_aux_mask_seed2026_w5_dice003_area004.pt,30374.58059814453,62.01880878448486,0.3509040756662318,0.49283387635564574,0.5371786057459791,1.1344383750675302,7,2,130
