sample_index,component_slot,presence_true,presence_prob,presence_pred,type_true,type_pred,vertex_mae,vertex0_valid,pred_x0,pred_y0,true_x0,true_y0,vertex1_valid,pred_x1,pred_y1,true_x1,true_y1,vertex2_valid,pred_x2,pred_y2,true_x2,true_y2,vertex3_valid,pred_x3,pred_y3,true_x3,true_y3
0,0,1.0,0.9999856948852539,1.0,1,1,7.786438800394535e-07,1.0,-0.03511395677924156,-0.002214564010500908,-0.035112664103507996,-0.0022136711049824953,1.0,-0.035142265260219574,-0.0009458698332309723,-0.035142138600349426,-0.0009470526711083949,1.0,-0.022699538618326187,-0.0009061433374881744,-0.022698169574141502,-0.0009063288453035057,1.0,-0.022668953984975815,-0.0021720286458730698,-0.022668693214654922,-0.002172947395592928
0,1,0.0,2.098473851219751e-05,0.0,-1,0,0.0,0.0,-0.06100316345691681,0.016578081995248795,0.0,0.0,0.0,-0.06992080807685852,-0.008931981399655342,0.0,0.0,0.0,-0.044692665338516235,-0.06863243132829666,0.0,0.0,0.0,0.08376355469226837,0.1254643350839615,0.0,0.0
0,2,0.0,2.0871713786618784e-05,0.0,-1,1,0.0,0.0,0.02217446267604828,-0.016655806452035904,0.0,0.0,0.0,-0.04519551247358322,0.158204585313797,0.0,0.0,0.0,0.07655265182256699,0.04258325695991516,0.0,0.0,0.0,-0.12965506315231323,-0.02514459937810898,0.0,0.0
