split,component_count,local_abs_x_max,local_abs_x_p95,local_abs_y_max,local_abs_y_p95,bbox_width_mean,bbox_height_mean,area_mean,edge_mean
test,12,17.4677791595459,17.10294551849365,3.567063093185425,3.4564786195755004,23.36569817860921,4.4556742906570435,109.87078371616647,13.831830373993126
train,39,17.4677791595459,16.87077865600586,3.798027515411377,3.6171032905578615,23.55717996450571,4.499838997156192,112.54846761348104,13.95661934046019
val,13,16.804443359375,16.40644302368164,3.567063093185425,3.307825374603271,22.627698054680458,4.370131419255183,103.41341388570117,13.416936531494205
