split,signal_mse_norm,signal_rmse_norm,signal_nrmse_raw,signal_corr,peak_abs_nrmse,mean_abs_signal_true,mean_abs_signal_pred,ch0_nrmse,ch0_corr,ch1_nrmse,ch1_corr,ch2_nrmse,ch2_corr
val,0.990975558757782,0.9954775531159816,0.502685156807806,0.8657638565624421,0.13808436691761017,0.00014374898455571383,0.00013132662570569664,0.5004818108419229,0.8665868451257617,0.5036802441584532,0.8649666188050376,0.5046854125890561,0.8657294117755052
