step,total_loss,presence_loss,type_loss,type_extra_loss,rotation_extra_loss,weighted_type_extra_loss,weighted_rotation_extra_loss,continuous_loss,center_loss,axis_loss,depth_loss,rotation_loss,other_loss,center_grid_loss,weighted_center_grid_loss,center_axis_relative_loss,weighted_center_axis_relative_loss,center_bin_loss,weighted_center_bin_loss,center_x_bin_loss,center_y_bin_loss,weighted_center_x_bin_loss,weighted_center_y_bin_loss,center_bin_slot_weight_mean,center_bin_slot_weight_max,center_offset_loss,weighted_center_offset_loss,aux_center_bin_loss,weighted_aux_center_bin_loss,aux_center_offset_loss,weighted_aux_center_offset_loss,parametric_total_loss,raster_total_loss,raster_bce_loss,raster_dice_loss,raster_soft_iou,raster_soft_dice,raster_loss_active,val_mask_iou_at_step,val_loss_at_step,is_best_step
1,145.72268676757812,0.6957816481590271,0.6932668089866638,0.6932668089866638,0.9659507274627686,0.0,0.0,0.4231034815311432,nan,0.46415480971336365,0.4509991407394409,0.3541565537452698,nan,1409.568603515625,140.9568634033203,-0.0,-0.0,2.900845527648926,2.900845527648926,3.2329347133636475,2.568756341934204,1.6164673566818237,1.284378170967102,1.0,1.0,0.05282289534807205,0.05282289534807205,0.0,0.0,0.0,0.0,145.72268676757812,-0.0,0.0,0.0,nan,nan,0.0,nan,nan,0
5,119.3084716796875,0.6650954484939575,0.6680818200111389,0.6680818200111389,0.9288352727890015,0.0,0.0,0.4063756465911865,nan,0.4463837146759033,0.43557703495025635,0.3371662199497223,nan,1146.3350830078125,114.63350677490234,-0.0,-0.0,2.8834309577941895,2.8834309577941895,3.17745304107666,2.5894088745117188,1.58872652053833,1.2947044372558594,1.0,1.0,0.051979467272758484,0.051979467272758484,0.0,0.0,0.0,0.0,119.3084716796875,-0.0,0.0,0.0,nan,nan,0.0,nan,nan,0
